{"success_trial": [4199, 4219], "save_performance": [0.453125, 0.0, 0.0, 0.0, 0.0, 0.0, 0.0, 0.0, 0.0, 0.0, 0.0, 0.0, 0.0, 0.0, 0.0, 0.0, 0.0, 0.0, 0.0, 0.0, 0.0, 0.0, 0.0, 0.0, 0.0, 0.0, 0.0, 0.0, 0.0, 0.0, 0.0, 0.0, 0.0, 0.0, 0.0, 0.0, 0.0, 0.0, 0.0, 0.0, 0.0, 0.0, 0.0, 0.0, 0.0, 0.0, 0.0, 0.0, 0.0, 0.0, 0.0, 0.0, 0.0, 0.0, 0.0, 0.0, 0.0, 0.0, 0.0, 0.0, 0.0, 0.0, 0.0, 0.0, 0.0, 0.0, 0.0, 0.0, 0.0, 0.0, 0.0, 0.0, 0.0, 0.0, 0.0, 0.0, 0.0, 0.0, 0.0, 0.0, 0.0, 0.0, 0.0, 0.0, 0.0, 0.0, 0.0, 0.0, 0.0, 0.0, 0.0, 0.0, 0.0, 0.0, 0.0, 0.0, 0.0, 0.0, 0.0, 0.0, 0.0, 0.0, 0.0, 0.0, 0.0, 0.0, 0.0, 0.0, 0.0, 0.0, 0.0, 0.0, 0.0, 0.0, 0.0, 0.0, 0.0, 0.0, 0.0, 0.0, 0.0, 0.0, 0.0, 0.0, 0.0, 0.0, 0.0, 0.0, 0.015625, 0.21875, 0.140625, 0.265625, 0.421875, 0.328125, 0.359375, 0.46875, 0.625, 0.671875, 0.703125, 0.78125, 0.734375, 0.8125, 0.828125, 0.859375, 0.75, 0.765625, 0.6875, 0.921875, 0.875, 0.8125, 0.890625, 0.796875, 0.765625, 0.765625, 0.875, 0.859375, 0.84375, 0.8125, 0.828125, 0.828125, 0.8125, 0.78125, 0.84375, 0.875, 0.8125, 0.859375, 0.8125, 0.828125, 0.796875, 0.859375, 0.84375, 0.71875, 0.84375, 0.796875, 0.9375, 0.828125, 0.90625, 0.8125, 0.84375, 0.75, 0.8125, 0.84375, 0.90625, 0.90625, 0.75, 0.859375, 0.90625, 0.84375, 0.75, 0.875, 0.765625, 0.859375, 0.859375, 0.84375, 0.78125, 0.84375, 0.78125, 0.90625, 0.875, 0.875, 0.828125, 0.890625, 0.90625, 0.796875, 0.890625, 0.90625, 0.796875, 0.953125, 0.921875, 0.859375, 0.921875], "clsq_tmp": [0.5303609371185303, 0.182763934135437, 0.08400118350982666, 0.07488944381475449, 0.07587215304374695, 0.07146976888179779, 0.06856146454811096, 0.07101283967494965, 0.06753095239400864, 0.06604139506816864, 0.06102042645215988, 0.06133323162794113, 0.06111656501889229, 0.06140681728720665, 0.05781685560941696, 0.058351416140794754, 0.056992191821336746, 0.05792958289384842, 0.05599384754896164, 0.055840037763118744, 0.054457955062389374, 0.055654630064964294, 0.05501392111182213, 0.05376262962818146, 0.055016666650772095, 0.05494390428066254, 0.05491878464818001, 0.053532082587480545, 0.05342864617705345, 0.05408608168363571, 0.053768351674079895, 0.05354347079992294, 0.05322197824716568, 0.052789606153964996, 0.05346206575632095, 0.0523119680583477, 0.053507015109062195, 0.05259294807910919, 0.05250045657157898, 0.05202711373567581, 0.05204746872186661, 0.05247188359498978, 0.05191405117511749, 0.05175694450736046, 0.05195057764649391, 0.051746170967817307, 0.05127524584531784, 0.05130951851606369, 0.051675718277692795, 0.05173671990633011, 0.05096845328807831, 0.05131576955318451, 0.051230575889348984, 0.05095015838742256, 0.05105897784233093, 0.05085311084985733, 0.05105918273329735, 0.05072520673274994, 0.050793301314115524, 0.05100025236606598, 0.05077025294303894, 0.05100546404719353, 0.05065739154815674, 0.05080940201878548, 0.05065736174583435, 0.05064980685710907, 0.05047784373164177, 0.05057250335812569, 0.05038457363843918, 0.050108715891838074, 0.050232745707035065, 0.05014471709728241, 0.04989725723862648, 0.050184208899736404, 0.0503544844686985, 0.05018908903002739, 0.049982950091362, 0.05006954073905945, 0.04998725652694702, 0.049532439559698105, 0.05002643167972565, 0.04985181614756584, 0.04968419671058655, 0.04968038201332092, 0.04953928291797638, 0.049610596150159836, 0.04960157349705696, 0.04898790642619133, 0.04970802366733551, 0.049186840653419495, 0.049378808587789536, 0.04938744753599167, 0.04920821264386177, 0.04937532916665077, 0.04915957525372505, 0.04926886409521103, 0.04918668046593666, 0.049158163368701935, 0.04901658371090889, 0.049071669578552246, 0.04890669137239456, 0.04885938763618469, 0.049257706850767136, 0.04874163120985031, 0.048853836953639984, 0.0486300066113472, 0.04863952472805977, 0.04880398139357567, 0.048044998198747635, 0.04900278151035309, 0.04849123954772949, 0.048396237194538116, 0.04851740971207619, 0.04837265610694885, 0.048347800970077515, 0.04876841604709625, 0.048288121819496155, 0.0481349416077137, 0.04800005257129669, 0.04802308976650238, 0.04825128614902496, 0.04824412614107132, 0.04767470061779022, 0.047744270414114, 0.04765941947698593, 0.047762781381607056, 0.047274284064769745, 0.04666706174612045, 0.04552099108695984, 0.04377825930714607, 0.04082625359296799, 0.03725387156009674, 0.035329751670360565, 0.02829946205019951, 0.02470831573009491, 0.02296815812587738, 0.025779277086257935, 0.023513786494731903, 0.02205720543861389, 0.02054007165133953, 0.021865442395210266, 0.02005568891763687, 0.01886877603828907, 0.019863324239850044, 0.021859053522348404, 0.019789639860391617, 0.022505706176161766, 0.0166606605052948, 0.018508730456233025, 0.02048424631357193, 0.0197344571352005, 0.01941712014377117, 0.02047582156956196, 0.020005837082862854, 0.017749890685081482, 0.018882334232330322, 0.019402723759412766, 0.01822011172771454, 0.020508036017417908, 0.01947687193751335, 0.020438043400645256, 0.021242300048470497, 0.01645202934741974, 0.016882583498954773, 0.01920210011303425, 0.017292749136686325, 0.01763610541820526, 0.018181713297963142, 0.01861889287829399, 0.015264117158949375, 0.016364064067602158, 0.018959172070026398, 0.016884252429008484, 0.020424438640475273, 0.015237674117088318, 0.016164109110832214, 0.015508342534303665, 0.0170722808688879, 0.01704535260796547, 0.01939409226179123, 0.016372790560126305, 0.015407530590891838, 0.014800420962274075, 0.014275804162025452, 0.017254021018743515, 0.016948407515883446, 0.014384506270289421, 0.015645980834960938, 0.018564030528068542, 0.015844430774450302, 0.016797367483377457, 0.017621273174881935, 0.01598983258008957, 0.015406700782477856, 0.016517940908670425, 0.019098427146673203, 0.018430881202220917, 0.014526277780532837, 0.014282245188951492, 0.015764670446515083, 0.016106033697724342, 0.013188425451517105, 0.014286668039858341, 0.01870081201195717, 0.015404428355395794, 0.013322439044713974, 0.014316868036985397, 0.013522999361157417, 0.013620572164654732, 0.012822242453694344, 0.012933185324072838], "model_dir": "./model_dm_fixed/type0_softplus_128_128_lr0.0001_bs64_scale1_sw0.0_nofreeze_3",