{"cost": 0.025521526113152504, "creg": 0.0457681342959404, "steps": [12400, 13800, 14200, 15200, 15400, 15600, 15800, 16200, 16600, 16800, 17200, 17400, 17600, 17800, 18000, 18200, 18600, 18800, 19000, 19200, 19400, 19600, 19800, 20000, 20200, 20400, 20600, 20800, 21000, 21200, 21400, 21600, 21800, 22000, 22200, 22400], "success_action_prob": [0.8203125, 0.8291015625, 0.880859375, 0.8134765625, 0.8037109375, 0.88671875, 0.828125, 0.8720703125, 0.865234375, 0.8212890625, 0.8125, 0.865234375, 0.8896484375, 0.890625, 0.9345703125, 0.9775390625, 0.9755859375, 0.9384765625, 0.9306640625, 0.990234375, 0.9853515625, 0.9736328125, 0.9296875, 0.9326171875, 0.9736328125, 0.9619140625, 0.9892578125, 0.974609375, 0.99609375, 0.98046875, 0.9951171875, 0.9970703125, 0.958984375, 0.99609375, 0.9990234375, 0.9560546875], "mean_choice_error": [], "model_dir": "./model_both/softplus_type1_200_bs512_stim100_pc0.8_sp0.5_sf0.5_ai0.3_ao0.5_50", "time": [0.4647989273071289, 45.14364290237427, 89.28609848022461, 133.83683276176453, 179.33950352668762, 223.25014805793762, 270.44967436790466, 316.7649185657501, 362.1690514087677, 408.90143632888794, 452.207722902298, 497.7635078430176, 542.6107382774353, 587.486566066742, 631.2047016620636, 677.2458734512329, 722.8794775009155, 767.0094892978668, 810.9709460735321, 857.4905762672424, 903.0915460586548, 946.2476673126221, 989.3788599967957, 1034.3393235206604, 1079.2993845939636, 1124.4178495407104, 1170.687119960785, 1215.3605315685272, 1262.2029283046722, 1307.3879778385162, 1352.1947643756866, 1397.3894369602203, 1442.0006029605865, 1488.4633984565735, 1531.9092366695404, 1575.5451200008392, 1621.3212399482727, 1665.627601146698, 1711.2919354438782, 1756.0398771762848, 1800.123855829239, 1846.8713183403015, 1890.9384934902191, 1935.2993228435516, 1978.1217918395996, 2022.4863617420197, 2065.52343082428, 2110.2749848365784, 2154.962275505066, 2201.163259267807, 2247.0277514457703, 2291.813380718231, 2334.7491552829742, 2377.2110011577606, 2424.020328760147, 2467.516273498535, 2512.694125175476, 2555.6848499774933, 2601.5856392383575, 2647.026310443878, 2692.3271481990814, 2739.4885499477386, 2784.82617688179, 2830.292022705078, 2875.1261115074158, 2920.6086809635162, 2965.994146823883, 3010.8136315345764, 3056.6378786563873, 3100.7371604442596, 3143.5634739398956, 3189.2595682144165, 3233.112743139267, 3278.9272820949554, 3324.658138990402, 3369.5734384059906, 3415.969270467758, 3461.2296221256256, 3506.6312866210938, 3549.787432909012, 3592.7047939300537, 3637.9739186763763, 3682.671594619751, 3728.6860678195953, 3774.9973378181458, 3819.2736341953278, 3863.6333043575287, 3908.0235323905945, 3952.2131588459015, 3998.2225890159607, 4042.296778678894, 4086.698881626129, 4133.067407846451, 4177.996541976929, 4225.306630849838, 4271.799613714218, 4317.971554279327, 4363.1093690395355, 4407.955332994461, 4452.013003587723, 4497.094967842102, 4541.837730169296, 4587.142956495285, 4633.8818390369415, 4678.870822429657, 4724.696120500565, 4772.058270692825, 4817.153054475784, 4861.526939153671, 4906.917680025101, 4949.741070508957, 4995.660079717636, 5040.951214551926, 5084.05214881897], "cost_": [0.9118213057518005, 0.43316584825515747, 0.4298473000526428, 0.42969948053359985, 0.48014217615127563, 0.4323345422744751, 0.4251118302345276, 0.43381816148757935, 0.4199067950248718, 0.4286971986293793, 0.409523606300354, 0.3795965313911438, 0.3722558915615082, 0.36346668004989624, 0.3591978847980499, 0.35935133695602417, 0.35281550884246826, 0.3618241548538208, 0.3522856831550598, 0.35498982667922974, 0.35602688789367676, 0.34444624185562134, 0.31400543451309204, 0.3148561716079712, 0.32701873779296875, 0.3114551901817322, 0.3052557110786438, 0.2963729500770569, 0.2906399965286255, 0.29844003915786743, 0.2776350677013397, 0.27326545119285583, 0.24988096952438354, 0.2528194189071655, 0.2439400851726532, 0.24311372637748718, 0.2311527132987976, 0.24614250659942627, 0.23448462784290314, 0.22997689247131348, 0.2392442524433136, 0.24438802897930145, 0.2207113355398178, 0.25914251804351807, 0.2050074338912964, 0.2211475372314453, 0.22382988035678864, 0.20154313743114471, 0.190962553024292, 0.165866881608963, 0.22927337884902954, 0.1729007363319397, 0.14707785844802856, 0.1218237653374672, 0.12070241570472717, 0.13478659093379974, 0.10255378484725952, 0.1401418149471283, 0.09440445899963379, 0.1247246190905571, 0.09916116297245026, 0.10441910475492477, 0.08886441588401794, 0.12335774302482605, 0.1654565930366516, 0.10787612199783325, 0.08157798647880554, 0.12046411633491516, 0.0882972851395607, 0.07261138409376144, 0.11779019236564636, 0.07126232981681824, 0.1174401044845581, 0.0966530367732048, 0.10754796862602234, 0.12198913842439651, 0.06723815202713013, 0.0954565703868866, 0.07069680094718933, 0.08015185594558716, 0.0842510461807251, 0.07264842092990875, 0.15766578912734985, 0.06650330126285553, 0.08514861017465591, 0.1360265612602234, 0.08658935129642487, 0.07769882678985596, 0.06461256742477417, 0.058600157499313354, 0.04010036587715149, 0.03369173780083656, 0.1170281320810318, 0.059647321701049805, 0.054478708654642105, 0.0640311986207962, 0.037866927683353424, 0.03830121457576752, 0.05384983867406845, 0.06052886322140694, 0.06313849240541458, 0.044907256960868835, 0.09405918419361115, 0.04176677018404007, 0.045815907418727875, 0.02314675971865654, 0.04619695246219635, 0.03177371621131897, 0.030074574053287506, 0.042692847549915314, 0.026510300114750862, 0.020051248371601105, 0.057001613080501556, 0.025521526113152504]}