{"success_trial": [519, 539], "save_performance": [0.0, 0.0, 0.0, 0.0, 0.0, 0.0, 0.0, 0.0, 0.0, 0.0, 0.0, 0.0, 0.0, 0.0, 0.0, 0.0, 0.0, 0.0, 0.0, 0.0, 0.140625, 0.484375, 0.71875, 0.96875, 0.953125, 0.984375, 0.953125], "clsq_tmp": [0.21836867928504944, 0.08129379898309708, 0.07342603802680969, 0.06765474379062653, 0.06214073300361633, 0.05990290641784668, 0.05875762924551964, 0.058565378189086914, 0.05791904032230377, 0.057100508362054825, 0.05520028620958328, 0.05331569164991379, 0.051659271121025085, 0.05097712576389313, 0.051220666617155075, 0.05033461004495621, 0.051252808421850204, 0.04988517239689827, 0.049720726907253265, 0.049223802983760834, 0.04523873329162598, 0.02756938710808754, 0.0217418372631073, 0.01243194006383419, 0.012162616476416588, 0.00865815207362175, 0.009991791099309921], "model_dir": "./model_dm_fixed/type1_softplus_128_128_lr0.0001_bs64_scale1_sw0.0_nofreeze_8", "times": [2.1617369651794434, 4.131977796554565, 6.061504125595093, 8.108148336410522, 10.065847873687744, 11.9752357006073, 14.0831778049469, 15.959553718566895, 17.81488537788391, 19.73067045211792, 21.850691080093384, 23.71814465522766, 25.683099031448364, 27.60820460319519, 29.487269639968872, 31.762855529785156, 33.651583433151245, 35.55635952949524, 37.43589735031128, 39.31983828544617, 41.61622667312622, 43.49242901802063, 45.38481521606445, 47.18365144729614, 49.04881954193115, 50.894580364227295]}