{"success_trial": [399, 419], "save_performance": [0.0, 0.0, 0.0, 0.0, 0.0, 0.0, 0.0, 0.046875, 0.0, 0.0, 0.0, 0.140625, 0.34375, 0.1875, 0.296875, 0.953125, 0.828125, 0.875, 0.96875, 0.953125, 0.953125], "clsq_tmp": [0.27701160311698914, 0.0936894565820694, 0.08573760837316513, 0.08000660687685013, 0.07602319121360779, 0.07233116775751114, 0.06652751564979553, 0.05972560495138168, 0.05816074088215828, 0.057467829436063766, 0.05717705935239792, 0.053060196340084076, 0.053483299911022186, 0.046942710876464844, 0.04059001803398132, 0.026207726448774338, 0.02409406192600727, 0.01900821179151535, 0.0180766973644495, 0.02536991983652115, 0.031410664319992065], "model_dir": "./model_dm_fixed/type1_softplus_128_128_lr0.0001_bs64_scale1_sw0.0_nofreeze_21", "times": [2.0324580669403076, 4.018554925918579, 5.909087657928467, 7.957423686981201, 9.81430459022522, 11.679353713989258, 13.695882558822632, 15.493229150772095, 17.392049312591553, 19.19288396835327, 21.26572275161743, 23.240928411483765, 25.113817930221558, 26.989574909210205, 28.813289642333984, 30.98194694519043, 32.775429487228394, 34.641974210739136, 36.46503281593323, 38.30162262916565]}