{"success_trial": [719, 739], "save_performance": [0.0, 0.0, 0.0, 0.0, 0.0, 0.0, 0.0, 0.0, 0.0, 0.0, 0.0, 0.015625, 0.0, 0.0, 0.0, 0.0, 0.0, 0.0, 0.0, 0.0, 0.0, 0.0, 0.0, 0.0, 0.0, 0.0, 0.0, 0.0, 0.5, 0.546875, 0.796875, 0.859375, 0.796875, 0.9375, 0.859375, 0.921875, 0.921875], "clsq_tmp": [0.21998506784439087, 0.10181931406259537, 0.0947435051202774, 0.09128272533416748, 0.08849620819091797, 0.0855523943901062, 0.08264795690774918, 0.07958684861660004, 0.07543240487575531, 0.07168635725975037, 0.06765679270029068, 0.06459990888834, 0.06462188065052032, 0.06319701671600342, 0.06261955946683884, 0.06166611984372139, 0.06119118630886078, 0.060062915086746216, 0.06149464100599289, 0.058108583092689514, 0.05706954747438431, 0.056067243218421936, 0.05622090771794319, 0.05487753450870514, 0.05434824526309967, 0.0533384345471859, 0.05156005173921585, 0.04927149415016174, 0.041367996484041214, 0.027187278494238853, 0.02365761250257492, 0.017233990132808685, 0.019339775666594505, 0.011701568029820919, 0.01593676209449768, 0.013762444257736206, 0.013198377564549446], "model_dir": "./model_dm_fixed/type1_softplus_128_128_lr0.0001_bs64_scale1_sw0.0_nofreeze_16", "times": [2.0259511470794678, 4.180996656417847, 6.151753187179565, 8.200922012329102, 10.073208570480347, 11.99169373512268, 14.040236234664917, 15.93230414390564, 17.803749561309814, 19.669596433639526, 21.848496198654175, 23.751020431518555, 25.694332361221313, 27.612961530685425, 29.427208423614502, 31.649470806121826, 33.56636309623718, 35.44648480415344, 37.33124232292175, 39.26673150062561, 41.56870484352112, 43.48793292045593, 45.40767693519592, 47.39604425430298, 49.24810314178467, 51.19942259788513, 53.171889543533325, 55.063469648361206, 57.489888429641724, 59.39216732978821, 61.34588646888733, 63.251792907714844, 65.18632888793945, 67.08976244926453, 69.0201485157013, 70.9309151172638]}